species,B21,B23,B24,B25,B26,B27,B28,B30,B31,B34,B35,B37,B38,B39,B41,B42,B45,B75,B78,B79,B80,B82,B83,B324,B325,B326,B330,B351,B352,B353,B354,B355,B357,B386,B387,B393,B5353,E403,E405,E406,E408,E417,E421,E445,E446,E447,E448,E449,E453,E455,E456,E473,E474,E475,E476,E477,E478,E484,E485,E486,E487,E488,E489,E490,E491,E492,E493,E494,E495,E496,E497,E498,E499,E500,E501,E502,E503,E504,E505,E506
anas_platyrhynchos,-0.20397827333333332,0.6968338571428571,-4.720069399999999,0.0,0.0,-4.8751549999999995,0.216732659,0.7588811309999999,3.362157700000001,1.153155123,-5.775843599999999,-14.538230000000002,-20.017460000000003,0.0,-8.168511,5.9600100000000005,0.424783,0.0,0.0,-3.9769158000000004,0.0,-0.16359759999999998,-0.11619,-6.564780999999999,-5.635434999999999,0.0,0.5473334729999999,0.0,0.0,-28.783980000000003,-17.09733,1.7056868,-0.309491673,0.450876,0.0,3.8077966666666665,0.0,0.0,0.0,0.0,0.0,-3.9138913333333334,0.0,0.0,0.0,0.0,0.0,-10.914053,0.27728080221,-0.045532599999999986,-0.10557839999999999,0.7663633,0.0,-5.122550752,-0.19453188125,1.56035,0.0,0.0,-2.560346142857143,-1.3974691,-0.655041,0.0,-5.833194999999999,3.9628257142857146,0.0,0.0,-2.470504589,-1.7104949999999999,-6.664662,-16.73228,-0.29299280000000005,-3.6758836,0.0,-7.549499999999999,1.4554406,-10.777536,-6.781561000000001,-8.200702,-8.134988,0.0
bos_taurus,0.0,0.0,-5.698014,0.0,-1.2638695,-5.494677608000001,0.282740837,-81.90649,-36.58589,11.471895000000002,-23.081153,-20.394300000000005,-21.39331,0.0,-8.545691999999999,3.0709822222222223,0.33142720875,0.0,0.0,0.19057932000000002,-0.00768374,0.009571026800000004,-1.7681750999999999,-5.082502857142857,0.0,0.0,0.21047470000000004,0.0,0.0,-23.509790000000002,-2.094499,3.2091694000000004,-1.5550166,0.0,0.0,3.9236304444444445,0.0,13.058823333333331,0.0,0.0,0.0,-81.21811,3.60022,-0.706336,2.65596,0.0,0.0,-13.124416000000002,-6.1844149,5.406000000000001,1.7334349,0.673799133,0.0,-5.5317523,-0.5913840475,0.4369065,0.0,0.0,-1.2844376666666666,-0.7826495,-1.131162021,0.0,2.2949006,-10.827648666666668,0.0,-6.87458,-41.59646,-8.502985999999998,-5.219099,-15.66343,0.4492842857142857,-2.3491824,0.0,-7.1707771000000005,0.08941710000000005,-6.197189,-2.6300866666666667,0.0,-13.824546999999999,0.0
camelus_dromedarius,0.0,-1.07982,-0.5255900000000001,-0.278295,-1.602880857142857,-2.7208048000000002,-0.6194451000000001,-83.26921,-0.17118749999999996,11.686015000000001,-23.166100000000004,-15.961168888888885,-24.75887,0.0,-7.873123,3.956062,0.37224757700000005,0.0,0.0,-0.5177265328571429,0.0,-0.013537319000000003,-4.880470300000001,-4.691244999999999,0.0,0.0,0.09189894122222222,0.0,1.55021,-29.499409999999994,-0.9821744669999999,1.3632648,-1.424372965,0.466186,0.0,2.7583022222222215,0.0,9.830855,0.0,0.0,0.0,-77.18181999999999,0.0,0.705148,2.16738,0.0,0.0,-15.243950000000002,-8.388091999999999,4.0723161,1.4739654999999998,-0.3740234,0.0,-1.0924827000000001,-0.5733607000000001,0.0,0.0,0.0,-1.150634,-0.870519396,-3.7914590000000006,0.0,-7.7735828,0.0,0.0,0.0,-14.594195,-16.213633333333334,-12.801404,-15.803070000000002,-1.2730766666666666,-2.9844357159999997,0.0,-11.721005,4.94747,-6.426294999999999,-1.8093412,0.0,-4.914801,0.0
canis_lupus,0.0,-3.19497,1.5971978955555555,0.0,0.0,-5.0040320000000005,-0.9797825939999998,-84.62767999999998,-34.175720000000005,-6.7543120000000005,-18.69975,-15.952294,-12.647053999999999,0.0,-7.853542,-1.0690518999999998,0.33418566666666666,0.0,0.0,0.08344570719999998,-0.034708465,-0.0423836013,-1.0197720010000002,-5.258285,0.0,-5.462275555555555,0.06372484555555556,0.0,0.0,-34.34586,-0.7421991990000001,0.7318272,-1.4842208000000001,0.9270849999999999,0.0,4.284612999999999,0.0,-8.9551313,0.0,0.0,0.0,-91.18629999999999,0.0,0.0,-1.01237,0.0,1.20253,-10.485532,-1.5492728999999998,6.160271111111111,0.43876495000000004,-0.36749766666666667,0.0,-1.6371430055555554,-1.7480440575,0.0,0.0,0.0,-0.072578,0.04558901700000001,-1.0205785,0.0,2.6872751000000004,-10.177913999999998,-3.06354,-4.801887000000001,-44.02942,-11.891823,-11.312284000000002,-13.610275000000001,-1.4076272516666666,0.43257899999999994,5.63514,-11.925276,9.642067999999998,-8.207131,-2.954928,0.0,-4.400650300000001,-10.3097225
capra_hircus,0.2961705,-4.3476566666666665,-5.979377,0.0,-1.0710435999999999,-2.0015934,-0.17694824285714286,-72.59785000000001,-23.1181,18.1014386,-18.721331999999997,-24.586940000000002,-20.56046,0.0,-7.731190000000001,2.753999,0.534665,0.0,0.0,-0.6440410599999999,0.0,-0.139960511,-1.9116645555555556,-4.804177777777777,0.0,0.0,0.41086783699999996,0.0,0.0,-32.09607999999999,-1.0890913,1.118981459,-0.68928196,0.5328894,0.0,3.996634444444444,0.0,0.9428930000000001,0.0,0.0,0.0,-62.093230000000005,0.0,-0.04569953,2.4082,0.0,0.0,-14.86737,-7.069940300000001,3.1252565000000003,1.202095449,-1.3721098999999999,1.26704,-6.896777,-0.7066305350000001,0.46454893666666663,0.0,0.0,0.3979935,-0.8094576760000001,-1.6637701,0.0,3.3124507000000003,-2.3208057142857146,0.0,-4.29068,-36.05212,-4.7018656666666665,-10.165929,-16.92663,-0.9356399999999999,-2.1527244,0.0,-10.460529999999999,5.190181,-6.206329,-1.80177875,0.0,-12.829028000000003,0.0
carassius_auratus,-0.155116965,0.26205866666666666,-2.9397044,0.0,0.3012133333333333,-34.33501,-0.3262672222222222,12.6387957,-36.71048,-46.93831,-15.635175999999998,-0.9162155000000001,0.22981900000000008,0.0,-5.395485999999999,-1.2765342,0.29062422222222223,-13.9421,0.0,0.10931200000000019,0.0,0.15320051899999998,-4.3061974,-2.7938630000000004,0.0,-0.5473625,-0.03305014285714287,0.0,0.0,-27.70006,-22.921860000000002,0.4925584999999999,0.22915859999999996,4.068146,3.74342,0.717937,-0.16191122222222218,-43.7839,7.63653,0.0,0.0,11.7788375,0.0,0.0,1.3864,0.0,0.0,-7.445263,-16.861309999999996,0.284843,-2.148142,-11.394282999999998,7.07277,-3.4021867,-1.79032475,0.0,0.0,-18.30115,-0.8675465,-1.9098788,-5.354772333333333,0.0,-11.534032,-5.311668999999999,0.0,-4.2821805,-41.6269,3.735709691,-5.687995,-5.449374300000001,-0.3730425,-0.07011280000000049,0.0,-0.9868052000000003,-7.209358999999999,-6.426864,-2.5229874999999997,-9.731284,-2.3541425929999997,0.0
cavia_porcellus,-0.197929248,-3.27528,-7.222738,0.0,-1.34376,-6.1554,-0.6999456666666667,-82.04106999999999,-1.030659,0.37141570800000007,-5.5541241999999995,-12.510202999999999,-20.25562,0.0,-9.77444,1.5320167500000004,0.373054,0.0,0.0,-0.28074336599999994,0.0,-0.12013421388888888,-1.2708951689999999,-4.410909,0.0,0.0,0.4616198000000001,0.0,0.0,-22.887342,0.42740563600000014,5.533674000000001,-3.1025629999999995,0.271270064,0.0,2.5264117777777777,0.0,-0.798384,0.0,0.0,0.0,-87.81439999999999,0.0,0.0,0.0,0.0,0.0,-14.50224,-0.7524029000000001,4.203006,1.418804,-0.9292306520000002,0.0,-7.345048000000001,-0.885188443,0.19908200000000004,0.6281714999999999,0.0,1.529234888888889,-0.7965743106000001,-2.2268686,0.668327,-9.364192,3.2878933333333333,0.0,0.0,-5.480109000000001,-1.314406,-5.978279000000001,-15.272085,-0.342388,-2.87314566,0.0,-9.871871999999998,4.199294999999999,-4.0902140000000005,-0.8215646080000001,-0.28129658,-8.090216999999999,0.0
columba_livia,-0.468953,-0.57731,-7.916678,0.14717544000000002,0.0,-3.9691407999999995,-0.26109825777777773,-72.17065000000001,-25.533981,-31.9524,4.584808000000001,-5.0194475,14.846506999999999,0.0,-10.485751,-7.088559000000001,0.44233263142857143,0.0,-0.110270785,0.1093842575,0.0,0.0,0.0,-4.324255555555556,0.0,0.0,-0.3803445999999999,0.0,0.13116694499999998,-39.63899000000001,-1.1651024200000002,0.44175180000000003,-1.0108470999999999,-0.4945991666666667,0.0,2.2254533333333337,0.0,0.0,0.0,0.0,0.0,-77.81257999999998,-2.133382,0.0,6.885565,0.0,0.0,-3.750567102,-2.6506206,3.2472571,-0.13177538200000002,-0.34228840000000005,0.0,-4.465898999999999,-0.4918927,0.6115545,-0.6425835,0.0,0.0,-0.177608682,-0.5476267,0.0,-6.6331620000000004,6.227553333333333,0.0,0.0,-18.107266,-18.17578,-15.60574,-19.424670000000003,-1.1437955555555555,-5.7699842,-1.45111,-11.174662999999999,-0.004788499999999951,-8.126804,-1.7850501,0.8293484,-0.304203854,0.0
crocodylus_porosus,0.7692752,0.0,0.0,0.0,0.0,-3.7318650999999994,-0.7262424789999999,-19.863387,-1.0202924999999998,-6.481661300000001,-13.538399000000002,-9.00767222222222,-1.9323912499999998,0.0,-7.814385,-1.9062109999999999,0.17066802600000003,0.0,0.0,-1.077087285714286,0.0,-16.821542,-3.4843810999999993,-1.7683638,0.0,-1.13198,0.44839850000000003,0.0,1.8072100000000002,-12.35333,2.284615,6.733262399999999,-2.2363834000000002,1.0100275,0.0,2.1148083333333334,0.0,-3.7765956999999992,0.0,0.0,0.0,-24.635748999999997,0.0,0.411612,5.716395,0.0,0.0,-4.275936,-2.623368041,0.8917448000000002,0.39241933430000003,0.11836907555555554,-0.002961499999999992,-0.9646478,-0.6138213333333334,0.0,0.0,0.0,-6.458989,3.122846,-13.768762999999998,-0.4235835,-6.752185,0.35355128666666663,0.0,0.0,-14.257936,-2.17277,0.0,-1.3003385,0.0,0.11712800000000004,0.0,-6.227143000000001,-3.4409044,-4.400832,1.0860868,3.39412,-4.514476,0.0
equus_asinus,0.0,-3.258085,-0.3566168745,0.0,0.0,-4.492985000000001,-0.7422753259999999,-70.18692,-33.48202,-1.7127173999999996,-19.31366,-14.910141000000001,-15.405450000000002,0.0,-32.3129,-3.4660667999999992,0.14347846222222221,0.0,0.0,0.1628937844,0.0,-0.20238701799999997,-1.9261880169999999,-4.282066666666668,0.0,0.0,-0.26823292000000004,0.0,2.9191566666666664,-24.930539999999997,-1.113910824,5.147254963000001,-1.9971396,-0.520326,0.0,3.554943333333333,0.0,0.16971600000000006,0.0,0.0,0.0,-76.03779,0.0,0.209081,-0.9913359999999999,-0.839115,0.0,-10.054588500000001,-2.1709595760000004,1.8388184000000003,0.5294686200000001,-1.2189889999999999,0.0,-1.2008321,-1.1256004,0.0,0.0,0.0,0.03430334,-0.9097423000000001,-2.283122,0.0,5.027405,-7.064425899999999,0.0,-2.791772,-49.23307,-10.485903333333335,-10.037164,-12.447631249999999,0.1754215,-14.535773,0.0,1.0348200000000003,-10.623800999999998,-6.663289999999999,-1.3563277142857142,0.0,-2.8915357999999998,0.0
equus_caballus,0.0,0.0,0.313408679,0.0,-1.4567425,-5.273346,-0.15219800000000003,-74.97853,-37.30428,-5.6760597,-19.954,-11.03842375,-18.009684999999998,0.0,-24.83568,1.6312145999999998,-0.04715197555555557,0.0,0.0,-0.04786774333333334,0.0,-0.0773407507,-1.7506955000000002,-5.0966925,0.0,0.0,0.37311366666666673,1.54844,2.870556666666667,-27.145319999999998,-0.9098989,3.3767449999999997,-0.845883,0.044320865000000036,0.0,2.2894542500000004,0.0,-7.8947,0.0,0.0,0.0,-81.84972,0.0,-1.3448079999999998,2.5809,-3.61611,0.0,-14.162450000000002,-4.7711208,3.5577459999999994,0.9271428,0.04744226200000001,0.0,-0.6063866,0.04058766166666666,0.0,0.0,0.0,0.24068659250000002,-0.7912872999999998,-1.5690457,0.0,4.655643,-9.34465,0.0,-3.7746266666666664,-49.0283,-4.082753333333334,-9.781172000000002,-14.423993000000001,-0.014583613333333334,-13.049939999999998,0.0,-2.5439,-6.0426790000000015,-6.452549,-2.0460119999999997,0.0,-0.712301625,0.0
erinaceus_europaeus,0.0,0.0,-19.962390000000003,0.0,-1.54964,-23.778954,-0.2669094302,-55.1789,-16.810754,22.921676,-0.30651700000000004,-7.585794,-8.769858,0.0,-9.582227999999999,-16.514312000000004,0.3340359906,0.0,0.0,0.07642009999999996,-0.31980600000000003,0.32996653600000003,-3.4013960999999995,-4.6155912500000005,0.0,0.0,0.34204315699999993,0.0,1.47417,-16.44777,-1.8705075999999998,1.6612613999999997,-0.3723396,-0.05395620000000001,0.0,2.6868985,0.0,-1.6440643333333333,0.0,0.0,0.0,-37.810993,-9.27383,0.0,5.9696875,0.0,0.0,-21.316661,-1.15365325,-0.5908863999999999,3.616722,-14.026686000000002,0.0,-0.9110249999999999,-5.26776625,0.0,0.0,0.0,-0.14682650000000003,-0.521311304,-17.718577,0.813421,-16.012674,5.700038888888889,0.0,0.0,-14.850705000000001,-4.905246666666666,0.0,-1.5087031366666668,0.0,-6.182512600000001,0.0,-7.932778999999999,-6.122023,-8.271676,-1.6775281666666666,0.0,1.2094580000000001,0.0
felis_catus,0.0,0.0,-0.2833385765000001,0.0,-1.6578499999999998,-3.4737818669999996,-0.15291637500000002,-86.03918000000002,-42.97145,13.402080000000002,-14.702561,-10.4504942,-17.277419000000002,0.0,-7.555816,1.55400175,0.25270766,0.0,0.0,-0.1698865872,0.0,-0.080934043,-0.6677454,-5.011708571428572,0.0,0.0,0.9055620522222222,0.0,0.805356,-32.55455,-1.4626452000000003,2.0133282,-1.4861508170000002,0.2861755,0.0,1.237146,0.0,14.807678571428571,0.0,0.0,0.0,-87.79655,8.44116,-0.678429,0.0,-5.90702,0.0,-12.077502999999998,-4.862336797,5.43898,0.8513612580000001,0.3716449,0.0,-0.463052711,-1.0267765714285715,0.0,0.0,-22.279899999999998,-0.594876,-0.8784385,-0.426422507,0.0,2.7930472,-5.505464444444445,0.0,0.0,-35.513124000000005,-5.092635714285714,-11.593267999999998,-16.72385,-0.7572878571428571,-2.3181751999999998,0.531003,-10.589723000000001,4.412275599999999,-6.091857,-2.057745,0.0,-5.0851152,0.0
gallus_gallus,0.0,-1.4428495,-29.38041,0.0,-2.6773866666666666,-4.9643022000000006,-0.307578,1.5801716999999997,-2.738528069,0.869027544,-4.5035440000000015,-28.011019999999995,-8.162764,0.0,-8.593924,-1.3154849999999998,0.40168620000000005,0.0,0.0,-0.018854899999999987,0.0,-0.4685589,9.054205999999999e-05,-5.605023999999999,0.0,0.0,-0.311485487,0.0,2.59958,-38.12056,-6.4687115,2.4789280000000002,-2.4387255000000003,0.30861949999999994,0.487211,4.997048999999999,0.0,-11.716043333333333,2.35382,0.0,0.0,-0.5331174846,0.0,0.0,6.225226666666667,2.68183,0.0,-11.405707,0.031126502999999993,-0.1207930907,0.09460424634,-2.244943,0.0,-7.683777999999999,-4.798079,-2.92133,0.0,0.684051,-0.11460799999999999,1.1329448000000002,-17.183525,0.0,-4.718109700000001,3.60028,0.0,0.0,-6.260747199999999,-1.1740883,-11.717501,-15.91935,-1.0432889583333333,-4.769724699999999,0.0,-9.418639000000002,0.8937232450000001,-8.653802999999998,-3.8268703000000004,-2.9926748571428567,-14.946519999999998,0.0
homo_sapiens,-0.9522436666666666,0.416092,-6.068460099999999,0.0,-2.17578,-8.053964,-0.760390645,-81.97522000000001,-42.70949999999999,8.1027108,-20.244317,-13.987077000000003,-16.87145,0.0,-7.218964,2.6840773991000004,0.6108522,0.0,0.0,-0.146401450625,-0.01581762,-0.09217987288333335,-1.281796401,-4.08534,0.0,0.0,0.488299375,0.0,0.0,-26.789740000000002,-0.5946813,-1.9286748000000002,0.6502319999999999,0.106415,-0.07778965,2.3468934,0.0,14.051456666666667,0.0,-16.8751,0.0,-86.76616000000001,0.0,0.0,0.0,0.0,0.0,-14.226009999999999,-4.9420729,4.307024,1.3406658,-1.0958913,0.0,-5.4233052,-1.9704683333333333,-0.943217,0.494436,0.0,-0.014637666666666651,-0.51309373,-2.8089586,0.0,4.032733000000001,-12.665772999999998,0.0,-4.8096119999999996,-40.681259999999995,-6.685275000000001,-5.00852,-17.34604,-0.426002125,0.367171,0.0,-11.162813000000002,0.5976961680000001,-6.228752999999999,-2.22379,0.0,-5.652688800000001,0.0
macaca_mulatta,-0.18299169000000004,-3.6005263999999997,-4.967224,0.0,-1.35617,-8.716674999999999,-0.6109161999999999,-81.21703,-38.70782,10.382582000000001,-23.199339000000002,-14.01454,-16.30118,0.0,-6.3574660000000005,-0.11110400000000005,0.3151577071428572,0.0,0.0,-0.06319825529999999,0.0,-0.0428973188,-3.349722861,-4.05147625,0.0,0.0,0.397987514,0.0,0.0,-25.23756,-0.6425749000000001,-1.751092375,0.772176009,-0.43861458999999997,-0.476837,2.1530628571428574,0.0,11.225598,0.0,0.0,0.0,-84.80017000000001,0.0,0.705041,1.1057205,0.0,0.0,-17.197930000000003,-4.698170666666667,4.190718,1.4380960000000003,-1.4318462000000003,0.0,-7.3444999,-2.371259938,-0.15324828571428575,0.343042,0.0,0.35645069999999995,-0.9874073119999999,-2.4665697,0.0,2.7358851,-11.252928888888889,0.0,-9.415153333333334,-43.25247,-6.136219999999999,-2.9672237000000004,-17.41591,0.030147063333333345,1.5174166999999998,0.0,-10.067538,-0.20589999999999997,-6.181329,-1.5901174999999999,0.0,-5.175409,0.0
manis_javanica,0.0,-2.034546666666667,-15.271138400000002,0.0,-0.637158798,-5.114820700000001,-1.0410254,-83.15893999999999,-47.458299999999994,0.5535339,-20.556649999999998,-12.301911666666667,-21.98422,0.0,-8.000815999999999,0.5038057389999999,0.3843816666666666,0.0,0.0,0.22910029809999996,0.0,-0.254545613,-5.830824999999999,-4.7559949999999995,0.0,-1.5370053000000001,0.646057655,0.0,0.0,-26.95922,11.748576000000002,0.8780408000000002,-0.7327374430000001,-0.08449,0.0,1.9974663333333336,0.0,-13.377213333333335,0.0,0.0,0.0,-94.41515999999999,4.36387,-0.209716,0.0,-3.94293,0.0,-16.31786,1.2118258,5.556165999999999,1.3974164,-0.5655296000000001,0.0,2.679693487,-3.1984175,-6.9269,0.0,0.0,0.6570006666666667,-0.5955706,-20.05456,0.0,3.6635543,-11.899493000000001,0.03461809,-7.928382222222222,-45.510839999999995,-3.7332213333333333,-7.094855699999999,-17.45871,0.09133846166666666,-1.8800192000000002,0.0,-10.749305000000001,3.0275236999999997,-1.4373184,1.645331,1.94342,-1.945471183,0.0
mesocricetus_auratus,0.0,-0.3302163466666666,-4.3605261440000005,0.0,-1.75074,-6.562310999999999,-0.9441348000000002,-81.51277,-57.0653,-1.1542546,-19.522427999999998,-15.780238999999998,-18.47215,0.0,-6.320221999999999,2.205518,0.42147550000000006,0.0,0.0,-0.057510515,0.0,0.023301287000000004,-3.5358460000000003,-3.5866057142857146,0.0,0.0,0.7549569,0.0,0.762029,-31.016610000000004,-0.8309441,-0.6560579000000001,-0.6551763960000001,-0.006148499999999987,0.0,4.574204285714286,0.0,-8.779253966,0.0,0.0,0.0,-89.61335,6.16564,0.32442572,0.0,0.0,0.0,-14.16492,-0.42626159999999996,4.624652,1.4055364,-0.5235964290000001,0.0,-4.459396,-1.2761325000000001,-0.05306534333333333,0.0,0.0,0.10585966666666673,-0.3766000146,-3.536137,0.0,3.9159624,-15.361318000000002,-0.5869195,-6.6476939999999995,-48.38315,-3.4214914285714286,-7.301537999999999,-14.612362000000001,-1.2930647142857143,0.21393503100000003,0.0,-11.249424999999999,2.795396,-5.971925000000001,-1.26230375,0.0,-9.584571,0.0
mus_musculus,-0.28970125500000005,1.32595,-6.6630253999999995,0.0,-0.87004325,-7.007469,-0.6553228,-0.7737122,-8.04033,-4.9707214,-21.642599999999995,-8.435839999999999,-26.04895,0.0,-8.391828,2.547943,0.325681,0.0,0.0,0.09824281875,0.0,-0.3494228911111111,-0.0192430351,-4.5684322222222224,0.0,0.0,0.8552601,0.0,0.0,-7.011730399999999,-1.1508357,0.43277734999999995,0.26259432700000007,0.4249904,11.983,1.5647398333333336,0.0,5.149376666666667,0.0,0.0,12.2831,-4.64358125,0.0,0.0,2.44628,0.0,0.0,-17.04354,-1.8398210999999995,0.17482904100000002,0.05710392599999999,-0.9737142999999999,0.0,-5.47981,-2.2865538,0.0,0.0,0.0,0.0,0.15683433000000002,-2.4479041,0.0,-3.4795510999999997,-1.52881,0.0,0.0,-25.974,-7.81185,-1.173077,-6.530226999999999,0.0,-3.0380085,0.0,-9.018037000000001,-0.6272348859999999,-4.791911999999999,-1.67429125,0.0,-0.645833832,0.0
mustela_putorius,0.0,0.0,0.05479989999999998,0.0,0.0,-6.0514732,-0.1591304455,-77.30782,-23.421127000000002,-6.645393999999999,-14.7137,-21.552679900000005,-17.393949045699994,0.0,-8.34888,1.5648651120000001,0.36823825,0.0,0.0,-12.643934,0.0,0.032448767999999996,0.6039570000000001,-4.286265,-0.574742,0.0,0.1296100688,0.0,0.0,-20.911279999999998,1.1036614000000002,2.9252971000000003,-1.636268828,0.702172,12.64485,2.7420466666666665,0.0,0.0,14.95965,0.0,0.0,-87.67034,5.027410000000001,-0.11575563,2.191215,-3.83614,1.26877,-5.855717999999999,-0.25669339999999996,4.4685859,1.18474,-0.30440305,0.0,-0.329800588,-0.85016,0.0,0.0,0.0,-6.188373,-2.475358,1.4190659900000002,0.0,0.4206496999999999,-2.8290900000000003,0.0,0.0,-34.341339999999995,-10.056193999999998,-8.234432,-16.057350000000003,-0.28692280500000006,-4.010654300000001,0.0,-10.586971,4.4168766,-3.280397,-1.0789893333333334,1.603738,-14.147503433999997,0.0
oryctolagus_cuniculus,-0.690923,-0.5254340550000001,0.36192559999999996,0.0,-1.1583926666666666,-6.722131,-0.4155314069999999,-75.04562999999999,-41.88119999999999,-8.627214,-19.86106,-12.2819434,-19.01817,0.0,-6.3735490000000015,1.8095779,0.3265323925,0.0,0.0,-0.0670104,0.0,-0.054722169999999994,-6.221329,-4.152871111111112,0.0,0.0,0.30614630000000004,0.0,0.0,-25.897139999999997,-0.7596856983,-1.4105579000000001,0.07683509999999999,-0.004261833333333335,0.0,2.1915927500000003,0.0,-8.0955243,0.0,0.0,0.0,-80.3407,0.0,0.390718,3.50105,0.0,0.0,-15.66577,-0.9217422000000001,3.0395724,0.42431418800000004,-1.0795940415,0.0,-0.9947932749999999,-1.1631765714285716,0.0,-0.02940385,0.0,-0.12661625000000004,-0.6687276,-5.925193000000001,0.0,1.2051432,-6.959602199999999,0.0,-3.6472100000000003,-38.93803,-10.584298,-6.603934,-15.956706000000002,-1.2058545714285713,1.4685224000000001,0.0,-10.270088999999999,0.40462830000000005,-6.637995999999999,-1.9094900000000001,0.0,-4.6103385999999995,0.0
ovis_aries,2.97438,-0.007867400000000035,-6.5214680000000005,-0.499979,-0.7869565000000001,-2.254460903,0.46318079999999995,-79.55154,-58.61462,14.056398999999999,-21.31174,-19.982958888888888,-21.22506,0.0,-9.247124000000001,1.0084061199999999,0.30310539999999997,0.0,0.0,-1.2753675130000002,0.0,0.187201075,-2.1056529,-4.463549000000001,0.0,0.0,0.563127699,-0.397768,0.07896107,-29.78573,-1.2854263,1.6984168999999998,-1.6632366,0.05501333333333334,0.0,4.168337125,0.0,13.001945555555555,0.0,0.0,0.0,-78.3346,6.2338933333333335,0.0,0.0,0.0,0.0,-16.7816,-9.781543000000003,5.084967999999999,1.4614749999999999,-0.08864269999999994,0.0,-5.431666399999999,-0.6371490966666667,0.0,0.0,-23.88185,-1.099133483,-0.8422023999999999,-2.072387,0.0,4.3020874,-15.219660999999999,-3.09759,-6.569851111111111,-42.43977,-7.47985,-10.543096,-14.628649999999999,-0.953386,-2.2719034000000002,0.420074,-11.221539,3.3238189999999994,-5.251592,-1.5434298000000002,0.0,-11.444579000000001,0.0
paguma_larvata,0.0,-4.22597,0.5712856850000001,0.0,0.0,-4.942187,-0.5143546000000001,-85.46489,-1.2969013999999999,-11.609373000000001,-17.353595,-3.083692261428572,-19.849016,0.0,-6.758374000000001,0.5839405249999999,0.587026,0.0,0.0,-0.013946480789900007,0.0,-0.08024012222222224,-2.0608296,-4.895136666666667,0.0,0.0,0.34696091749999997,0.0,0.668736,-40.56308,-1.1396278000000002,1.2101025,-0.47973937000000005,0.27556233333333335,0.0,-3.2396825999999996,0.0,-8.746443,0.0,1.02252,0.0,-91.56539000000001,-3.3256365000000003,0.0,0.0,0.0,0.0,-14.834368000000001,0.156439,5.4841408000000005,1.1566637,-0.38697489999999996,0.205052,-1.157250761,-1.9848644999999998,0.0,0.0,0.0,0.7269495,-0.4146187689999999,-2.1430055,0.0,-2.8794934000000003,-0.453752,0.0,0.0,-20.21264,-7.688091285714285,-13.631867999999997,-18.507820000000002,-1.051689665,-0.13393369999999996,0.0,-7.556465099999999,-1.2229060999999999,-6.207813,-1.8404076666666667,0.0,-7.299268821999999,0.0
pan_troglodytes,-0.09367886,-2.488934,-6.7830781,0.0,-2.06752,-6.5395449999999995,-0.851873,-80.32113999999999,-35.341649999999994,11.949554,-21.570454,-21.451916999999998,-15.435863000000001,0.0,-7.330741000000001,1.776837,0.39756400000000003,0.0,0.0,0.0323713013,0.0,-0.17566328027,-5.378211,-4.458147,0.0,0.0,0.3101137777777778,0.0,0.0,-24.512076,-0.7624865,-0.5724592700000001,0.48760110489999997,0.041850421250000006,0.0,3.5057574444444444,0.0,8.394527142857141,0.0,-16.6676,0.0,-83.21299,5.03831,0.7745625,2.21737,0.0,0.0,-14.77979,-2.232721111111111,4.001365,1.3128829,-0.6086594,0.0,-5.142943000000001,-2.431369,-0.38363024999999995,-0.132772,-20.4907,0.3936748333333333,-0.352589551,-6.2270954,0.0,3.9588899999999994,-11.006917,-2.99147,-4.4974083333333335,-40.66027,-4.48352,-3.4028714,-16.91136,-0.37638757142857143,1.1931622196,0.0,-9.764177999999998,0.11075970000000006,-6.29171,-2.1792900000000004,0.0,-6.632675400000001,0.0
panthera_tigris,0.0,2.63019,0.369339633,0.0,0.0,-7.069366699999999,-0.5577167,-76.39845,-47.19211,3.145575000000001,-21.757309999999997,-9.97155875,8.730951723,0.0,-9.473353,-1.3397336,0.27497683333333334,0.0,0.0,-0.07804046881,0.0,-0.022856562999999996,-1.0453431000000002,-4.80776,0.0,0.0,-0.20662888500000004,0.0,1.269215,-34.05445,-0.8700506920000001,1.4382004,-1.0614633,-0.05096072000000001,-0.330349,2.4341375,0.0,4.759023999999999,0.0,0.0,0.0,-70.07347000000001,0.0,0.0,0.0,0.0,0.0,1.6120342,-13.090355017000002,3.703329,0.7111613,-0.24402727529999999,0.0,-0.238957,-1.0346553000000003,0.0,0.0,0.0,-0.134937298,-0.8158641999999998,-1.0760599000000002,0.0,3.9614767360000003,-14.080936,-2.30659,-4.91123888888889,-50.36231,-4.4089233000000005,-8.819008,-13.230307999999999,-0.6139804285714286,-1.4516709999999997,0.0,-9.997821,2.1933129,-6.708878,-1.45739,0.0,-0.502054,0.0
pongo_abelii,0.723542,-10.84827,-6.370083,0.0,0.0,-8.051454000000001,-0.889268146,-58.13053,-23.445368000000002,11.755645999999999,-20.235049999999998,-15.73818,-14.798978,0.0,-8.40447,1.673479,0.3382799616666667,0.0,0.0,-0.076313916,0.0,-0.11217817999999999,-3.9999234126,-4.934172222222222,0.0,0.5980101,0.616007247,0.0,0.0,-28.275380000000002,-1.1443198,-2.1815830000000003,0.32828063300000004,0.0016276666666666846,0.0,3.646295,0.0,7.0126290000000004,0.0,0.0,0.0,-55.471500000000006,0.0,0.0,0.8685,0.0,0.0,-15.3851,-5.5531442030000004,3.7434968,1.2444602,-1.434599798,0.0,-8.271854799999998,-2.348934444444444,0.9960383333333332,-0.11073048249999999,0.0,-0.618445,-0.9004560999999999,-5.080453,0.0,1.1577006,-5.33894125,0.0,0.0,-36.95833,-5.9175206,-3.9780558999999998,-16.66306,0.20154528571428568,0.00032013539000004255,-2.59376,-12.861709999999999,-4.093292,-4.666454,-1.7735199999999998,0.0,-7.7860627000000004,3.168286666666667
rattus_norvegicus,0.0,0.164156,2.5986553999999997,0.0,-4.516789999999999,-7.332725999999999,-0.458215339,-9.6687343,-37.08885,0.9505659000000002,-19.174587,-14.5768825,-25.297620000000002,-0.759066,-10.630069999999998,0.07266509999999986,0.54596,0.0,0.0,-0.18726945073200002,0.0,-0.45339541399999994,-0.021099945749999998,-2.8510648000000005,0.0,0.0,0.8120720999999997,0.0,2.329085,-12.9635747,-2.862113,5.449527953000001,-3.0415906,0.215394,-34.513400000000004,3.04485225,0.0,2.70228175,-42.93557777777778,0.0,0.0,-13.775490555555557,1.406,0.0,0.8040349999999999,-1.82234,0.0,-18.86757,0.44499369999999994,0.6219326636000001,0.28336940099999997,-0.8018773999999999,0.0,-4.8418332,4.022538888888889,0.743655,-3.09668,0.0,-0.559494814,-0.24999147661299997,0.752004,0.0,2.9701571,-10.335243,-0.970868,-4.568197142857143,-44.388870000000004,-2.7972053333333338,-0.2513256000000001,-5.871040000000001,0.0,-0.8331630999999998,0.0,-7.925100400000001,-9.351822,-5.028096,-1.63521,0.0,-6.379387199999999,0.0
rhinolophus_sinicus,-0.18735500000000005,-9.37285,-30.066790000000005,0.0,0.0,-3.7693022999999997,0.5092634,-83.02295000000001,-57.88494999999999,1.8242159999999998,1.223582125,-8.237386555555556,-11.890632,0.0,-29.415880000000005,1.1279226,-0.05898389799999999,0.0,0.0,0.015890923499999998,0.0,-0.0813375063,-1.803485127,-4.600944999999999,0.0,0.0,0.8984291000000001,0.0,3.4380925,-34.59884,-0.8637374660000001,2.8335006,-1.09167363,0.14862375,0.0,2.4493057142857144,0.0,5.36426,0.0,0.0,0.0,-84.94591999999999,2.368721463333333,-0.284766,-0.528185,0.0,0.0,-13.010985999999999,-0.7633181690000002,3.5283165,1.2846946,-1.379205726,0.0,-3.2574739999999998,-9.055167,-7.59828,-2.2672,-24.0623,-0.6571498633333334,-1.0878188999999998,-20.07727,0.0,6.430423,-16.623121,-2.239954,-9.683105,-28.073319999999995,-0.867555,-9.776942000000002,-16.029384,-0.12866077,-11.002507,1.4907438300000002,-7.6292827,-7.6691720000000005,-5.735851,-2.1135966666666666,0.0,-3.9807477,0.0
serinus_canaria,0.0,0.0,-4.931438999999999,0.0,-0.375514,-19.680374,-0.2342775,-32.44919,-17.239652,-17.311541,4.588872666666666,-12.050143,1.5156529610000002,0.0,-10.05291,-22.455869999999997,0.750585,0.0,0.0,-0.5034928,0.0,-2.361753424,-0.02302227816,-5.214212000000001,0.0,0.0,0.07615243000000001,0.0,0.0,-32.654880000000006,-2.5623842999999997,1.154371625,-0.5165848,-0.33528657142857143,0.0,2.489556,0.0,2.231652857142857,0.0,0.0,0.0,-37.465,0.0,0.0,7.36062,0.0,0.0,-17.80378,-8.324163,-0.0827066,1.3839511999999998,-16.327062,0.0,-2.3435300999999997,0.07967769999999999,0.28707257999999997,1.50568,0.0,-0.55164352,-0.9342896999999999,-2.1920683,0.0,-8.816700999999998,7.174249999999999,0.0,0.0,-10.589209999999998,-10.218968999999998,-11.526131000000001,-19.87056,-0.6795335,-6.740602,0.0,-9.200384000000003,-2.7065065,-5.988949,-2.2346914285714283,-3.907208,-5.766626699999999,0.0
sus_scrofa,0.0,0.0,1.9268158999999998,0.0,-0.971013,-5.609505,-1.207226,-80.70429,-32.828050000000005,0.8518923806000002,-17.9258,-4.567868333333334,-16.48901,0.0,-8.815223,1.606477777777778,0.4170656666666666,0.0,0.0,-0.15393798370999998,0.0,-0.20209628500000001,-5.0557499,-5.691565,0.0,0.0,0.018436465000000023,0.0,0.0,-30.473710000000004,-0.9833734,-0.6191131999999999,0.13784189900000002,0.09370949999999997,0.0,0.535606,0.0,-0.635689,0.0,0.0,0.0,-89.02763,0.0,0.0,0.0,0.0,0.0,-13.541087,-0.41712360000000004,5.754713000000001,1.2158489,-0.08963965599999998,0.0,-0.270521707,-0.9771015999999999,0.0,0.0,0.0,0.166965,-0.8503683000000001,-5.493567199999999,0.0,2.3458203,-7.992784,0.921492,-6.633218333333333,-38.922630000000005,-3.9353978859999996,-6.135715000000001,-16.858210000000003,0.09106833333333335,-1.1410719,0.0,-10.515959000000002,-0.5666378,-6.3320300000000005,-2.7364311999999997,0.0,-0.017889363000000033,0.0
