species,B21,B22,B23,B24,B25,B26,B27,B28,B29,B30,B31,B32,B33,B34,B35,B36,B37,B38,B39,B40,B41,B42,B43,B45,B48,B49,B61,B72,B75,B76,B78,B79,B80,B81,B82,B83,B84,B321,B322,B323,B324,B325,B326,B327,B329,B330,B331,B351,B352,B353,B354,B355,B356,B357,B383,B385,B386,B387,B388,B389,B390,B393,B902,B903,B904,B5353,E403,E404,E405,E406,E408,E409,E415,E416,E417,E418,E420,E421,E437,E439,E440,E444,E445,E446,E447,E448,E449,E451,E452,E453,E454,E455,E456,E457,E458,E459,E472,E473,E474,E475,E476,E477,E478,E480,E483,E484,E485,E486,E487,E488,E489,E490,E491,E492,E493,E494,E495,E496,E497,E498,E499,E500,E501,E502,E503,E504,E505,E506,E508
anas_platyrhynchos,-40.450869999999995,0.0,-70.53772,-89.90352,-80.43450999999999,-131.25807,-83.42372,-79.80484,-88.18042,-81.22019999999999,-146.19580000000002,-83.1713,-100.65241,-74.90702,-166.5157,-87.28274285714285,-183.7768,-150.7405,-78.53781999999998,0.0,-109.71000000000001,-64.42659,0.0,-73.26836999999999,0.0,0.0,0.0,0.0,-79.95942000000001,0.0,-85.2282125,-83.45351,-80.2995625,-78.801325,-64.61562,-67.95375,0.0,-53.64904285714285,-62.3659,-54.963899999999995,-69.8336,-65.88274,-86.36241111111111,0.0,-76.5468,-85.63989000000001,0.0,-81.5540888888889,-74.74375999999998,-176.3534,-89.95132999999998,-149.95329999999998,-69.82892999999999,-152.0573,-95.2783,0.0,-80.17426999999998,-70.29037142857143,-78.9239,0.0,-66.19425,-179.68120000000002,0.0,0.0,0.0,0.0,-188.7582,0.0,-143.561,0.0,-70.53928333333334,0.0,0.0,0.0,-112.5261,0.0,0.0,-84.79460000000002,-84.16255000000001,-77.12689999999999,-66.91159999999999,0.0,-56.260929999999995,-61.278299999999994,-68.05395555555555,-75.13819000000001,-74.11612,0.0,0.0,-70.53363999999999,0.0,-79.33595,-69.04892000000001,-178.9168,0.0,0.0,0.0,-65.37637,-67.88078999999999,-68.49909,-63.568740000000005,-63.203790000000005,-61.00052999999999,0.0,0.0,-80.57915714285716,-58.16889,-60.94874,-78.97919,-54.239966666666675,-65.05514000000001,-49.630030000000005,-69.50111111111113,-58.85502,-78.26948999999999,-56.68624,-78.36365,-81.52636,-75.15268999999998,-62.13774000000001,-73.54019000000001,-79.4588,-85.98826999999999,-72.06435000000002,-68.33109,-72.18888,-86.86223000000001,-94.28702999999999,-70.3843
bos_taurus,-38.149409999999996,0.0,-105.10663,-88.77233,-81.6899,-128.75680000000003,-81.88167999999999,-73.96653999999998,-88.39966000000001,-198.39849999999998,-151.1215,-84.33650999999999,-90.68454,-118.99227999999998,-135.7616,-85.0599,-194.7589,-180.4544,-92.81028999999998,0.0,-91.10788999999998,-88.44248,0.0,-76.34529,-80.6595,0.0,0.0,0.0,-157.147,-93.60675,-175.66225000000003,-87.7735,-77.81315555555557,-87.43083333333334,-77.56195,-73.19421000000001,0.0,0.0,0.0,-68.653775,-75.06693999999999,-79.15684,-84.51070000000001,0.0,0.0,-77.73855999999999,0.0,-78.42418,-70.63560000000001,-177.7449,-76.04952,-148.73949999999996,-64.31788,-163.4535,0.0,0.0,-74.20340999999999,-72.94803999999999,-84.61985714285716,-58.8154,-68.3793,-171.54090000000002,0.0,0.0,0.0,0.0,-178.23089999999996,0.0,-148.20600000000002,-150.57585714285716,0.0,0.0,0.0,-47.170249999999996,-181.4894,0.0,0.0,-77.55315,0.0,0.0,0.0,-56.6592,-57.06605,-62.05967,-68.96691999999999,-74.75908999999999,-75.55722,0.0,0.0,-76.33011,-126.74600000000001,-78.05707,-68.01776,-183.59649999999996,0.0,0.0,0.0,-72.83875,-68.68891999999998,-71.21273,-64.03026,-63.55165000000001,-59.51369,0.0,0.0,-88.61999,-60.90925,-61.02199,-83.81683000000001,-63.6207,-64.52742,-62.68588000000001,-70.84324000000001,-64.94852,-114.53150000000001,-60.366020000000006,-80.65293,-78.79434999999998,-73.69642,-63.28213999999999,-70.64808,-80.06789,-86.98574999999998,-66.83981,-64.2133,-69.48736000000001,-90.75377999999999,-91.17053999999999,0.0
camelus_dromedarius,-44.29014,-143.119,-112.81313,-83.80899,-85.00265999999999,-116.19682,-76.44208,-72.85939,-87.98335,-196.2072,-152.03629999999998,-81.46814,-93.91645714285714,-120.37866000000001,-104.51438,-87.020025,-181.63000000000002,-191.31279999999998,-88.06341,0.0,-94.66505,-102.45046000000002,-84.38215,-77.99964,0.0,0.0,0.0,0.0,-86.78399999999999,-194.681,-105.434,-78.78908999999999,-74.0195,-95.19961666666667,-73.34532,-67.09761,-71.6541,0.0,0.0,-65.7086,-72.72001,-79.9390111111111,-84.35956666666667,0.0,-54.1331,-78.67161,0.0,-69.92889,-56.10337,-166.0116,-71.64675,-160.4164,-63.54431000000001,-161.18669999999997,-83.0104,0.0,-77.42791,-75.1193625,-84.23294000000001,0.0,-63.3165,-177.9945,-30.5758,-16.1717,-17.5135,0.0,-175.5545,0.0,-145.2295,-144.5707,-97.35315,0.0,0.0,-42.14143333333333,-169.2614,0.0,0.0,-74.01547000000001,0.0,-77.8525,0.0,-53.8506,-54.770929999999986,-61.31786999999999,-65.96397,-78.85283000000001,-76.54748,0.0,0.0,-79.80127,-113.147,-76.49201000000001,-68.45159,-180.1932,0.0,0.0,0.0,-73.22216,-70.82199999999999,-64.32696,-62.33298,-62.22555999999999,-57.28257142857143,0.0,0.0,-77.15750999999999,-59.5524,-59.22313999999999,-85.79784,-54.967079999999996,-68.08178000000001,-54.7836,-71.9896,-59.59474285714286,-86.85457,-63.37632,-80.17465,-78.61278000000001,-73.50322999999999,-60.35984,-67.66002999999999,-84.00924999999998,-84.3656,-67.26550999999999,-64.69763,-68.05139,-81.12357,-87.02336,0.0
canis_lupus,0.0,0.0,-81.53468000000001,-80.48816,-81.10522,-233.0933,-80.98932999999998,-75.8339,-88.27986999999999,-159.15109999999999,-182.38009999999997,-82.86545,-94.32955714285715,-88.77019999999999,-152.26780000000002,-85.804325,-173.12539999999998,-125.09161000000002,-89.61478888888888,0.0,-90.73202,-95.72443,0.0,-77.7893,0.0,0.0,0.0,0.0,-88.74712857142858,-89.7251875,-180.9588888888889,-82.48767000000001,-83.59366,-85.21352857142857,-76.20653000000001,-65.74456,-51.9846,0.0,0.0,-68.64465,-68.31599,-74.0638625,-91.73255999999999,0.0,-74.7592,-78.73552000000001,-67.396,-78.54089,-65.56827999999999,-146.58710000000002,-73.44802999999999,-167.32819999999998,-62.733909999999995,-162.07390000000004,-83.2938,0.0,-73.66977,-72.89636666666665,-77.64266666666667,0.0,0.0,-172.87500000000003,0.0,0.0,0.0,0.0,-166.89450000000002,0.0,-139.6055,-135.58800000000002,0.0,0.0,0.0,-48.8462,-177.48069999999998,0.0,0.0,-77.65707,0.0,-82.97463000000002,0.0,-55.4098,-59.53036999999999,-62.41425000000002,-67.08583999999999,-73.35463333333333,-74.94709999999999,-85.37741111111112,-65.81566666666667,-73.00126,0.0,-77.30073999999999,-66.13354,-146.4545,0.0,0.0,0.0,-70.66593,-69.65297777777778,-67.30895000000001,-62.48073999999999,-61.511611111111115,-63.5821,0.0,0.0,-76.0607,-58.73335999999999,-58.62899,-83.85058000000001,-57.27411000000001,-60.935680000000005,-59.117599999999996,-71.23366,-64.81338000000001,-115.78450000000001,-63.72292,-85.0655,-78.89102,-77.86141,-63.40492999999999,-64.97409999999999,-84.38462999999999,-78.30122,-70.90491999999999,-64.82190999999999,-69.33875,-85.4011,-97.26841,0.0
capra_hircus,-42.28596,0.0,-98.22872,-84.94205,-84.04327,-105.91732999999999,-78.87431,-74.14097999999998,-85.70853,-211.3538,-176.2958,-83.62122,-99.63383999999999,-143.2459,-174.1875,-82.74506,-188.39480000000003,-185.3325,-87.61316000000001,0.0,-98.68028,-103.85219,-91.8664,-77.6438,-88.45639999999999,0.0,0.0,0.0,0.0,-90.52825,0.0,-84.46986000000001,-78.600275,-94.9018,-72.5721,-70.98846,0.0,0.0,0.0,-67.568925,-69.73745,-70.40497142857144,-86.98269,0.0,-69.22603749999999,-83.01678,0.0,-77.05775000000001,-62.35158,-171.58970000000002,-71.08656,-166.1299,-63.15327,-160.9961,-81.73864,0.0,-79.92960000000001,-71.6783125,-74.70851250000001,-64.0792,-70.71695,-160.24230000000003,0.0,0.0,0.0,0.0,-175.9492,0.0,-147.53214285714284,-158.00633333333332,0.0,0.0,0.0,-42.9829,-168.26670000000001,0.0,0.0,-82.8197,0.0,0.0,0.0,-51.0835,-56.80182,-61.787777777777784,-66.7939,-74.55846,-76.03441,0.0,0.0,-80.10806,-124.30999999999999,-76.81277000000001,-70.36597,-164.3475,0.0,0.0,0.0,-67.33384,-71.65894999999998,-69.23281,-66.47886000000001,-61.64313,-53.845150000000004,0.0,0.0,-81.52041999999999,-59.72772,-57.960539999999995,-82.07872,-63.412228571428564,-54.97738,-54.72245,-71.03607142857143,-63.33443,-110.60092999999999,-59.93543,-83.09648000000001,-77.66390999999999,-72.17337,-60.907389999999985,-69.76006000000001,-82.39921000000001,-84.12727,-67.1678,-64.24152000000001,-67.82449,-89.52562000000002,-91.58949,0.0
carassius_auratus,-41.13698,-99.74199999999999,-72.44005000000001,-77.87618999999998,-72.90215,-147.78500000000003,-116.44189999999999,-85.77772999999999,-79.04475,-76.41220999999999,-183.47129999999999,-84.92244,-152.6145,-144.48499999999999,-171.87369999999999,-95.0273,-90.5913,-92.03777,-82.40247,-96.2366,-92.26745,-86.67551,-82.1949,-76.63472999999999,-76.42784,0.0,-76.053,0.0,-171.28900000000002,-99.4805,-69.93102,-150.83370000000002,-86.38983999999999,-71.6411,-70.98872,-71.21133,-65.90876666666666,0.0,0.0,0.0,-64.97700999999999,-80.215675,-92.33757,0.0,-73.6073,-83.93814,0.0,-78.62543333333333,-60.973971428571424,-102.75289000000001,-139.05700000000002,-154.6109,-60.559630000000006,-146.7391,0.0,0.0,-149.53929999999997,-70.302025,-86.059075,0.0,0.0,-130.80077777777777,0.0,0.0,0.0,-59.48688,-219.48020000000002,-69.77132,-141.3675,-136.6827,-89.49526666666668,0.0,0.0,0.0,-95.36083,0.0,0.0,-85.99001111111112,0.0,-65.4549,0.0,0.0,-58.33089,-65.08325,-65.5375,-84.74949000000001,-73.88632,0.0,0.0,-90.02743000000001,-132.835,-79.92742000000001,-70.61847,-162.017875,-103.38108333333332,0.0,-57.865,-80.47442,-69.13502,-68.12575000000001,-63.5714,-64.68861666666666,-61.05683333333334,0.0,-63.163,-81.93901000000001,-63.49051999999999,-57.04981,-83.5432,-56.05494,-73.10638999999999,-59.70227,-69.46486,-63.509479999999996,-114.22139999999999,-55.76231,-79.43501,-70.35157,-76.2017,-64.80485000000002,-68.31388000000001,-75.232,-90.75605,-70.3545,-64.46961000000002,-72.21713,-79.56403,-86.83731,0.0
cavia_porcellus,-40.72148,0.0,-112.45239999999998,-87.88103,-79.69752000000001,-125.08210999999999,-79.6131,-71.24073,-86.49095000000001,-160.0889,-161.85379999999998,-85.20741000000001,-107.31488888888889,-78.92016,-169.39750000000004,-87.71404,-187.1811,-170.6763,-85.48537999999999,0.0,-108.13429999999998,-83.54783,0.0,-78.1012,0.0,0.0,0.0,0.0,-77.6053111111111,-91.9165875,-93.14106,-82.06317,-80.53612999999999,-116.9721,-76.18194,-71.82405,-52.7691,0.0,0.0,-60.9516,-69.68216,-68.41927000000001,-86.84061000000001,0.0,-71.77012500000001,-81.64608000000001,0.0,-80.12375999999999,-78.52883,-183.16180000000003,-70.02434000000001,-145.6584,-58.88336999999999,-162.9689,0.0,0.0,-75.12898999999999,-72.50824,-79.92501111111112,0.0,0.0,-176.45430000000002,0.0,0.0,-22.41545,0.0,-183.15759999999997,0.0,-144.04840000000002,-145.69150000000002,-79.97319999999999,0.0,-61.581,0.0,-188.2003,0.0,0.0,-76.83732499999999,0.0,0.0,0.0,0.0,-57.739459999999994,-63.03245,-70.83720000000002,-69.64728,-75.38231,0.0,0.0,-71.61391,-142.413,-80.08585000000001,-66.16405999999999,-157.31499999999997,0.0,0.0,0.0,-69.02583,-68.52793999999999,-68.0939,-64.89577,-63.71262,-54.186699999999995,0.0,0.0,-76.565675,-58.41663,-55.023990000000005,-79.27280999999999,-59.04292222222221,-67.60864,-52.81989,-69.1742,-62.5136,-85.62302,-58.511469999999996,-81.71599,-78.00625,-68.42677,-61.60747,-73.37652,-80.91966,-83.32760999999999,-65.94114,-63.40319000000001,-67.06051000000001,-86.5511,-89.95515,0.0
columba_livia,-36.62812,-72.30075,-68.65214999999999,-87.23994,-80.81185,-80.16019000000001,-80.39656,-83.89063,-89.16604000000001,-155.628,-156.7636,-86.43072,-107.34133333333335,-164.5662,-128.56547,0.0,-176.6121,-205.28399999999996,-79.24482222222223,0.0,-103.98366000000001,-86.16841,-83.61595,-79.15365,-73.90965714285714,0.0,-85.924475,0.0,-70.58305,-67.9727,-60.61853333333334,-60.07130000000001,-64.4482,-54.799225,0.0,0.0,0.0,0.0,0.0,0.0,-68.77918,-85.10263333333334,-86.52735,0.0,-73.1344,-89.58964,0.0,-75.40726,-62.664199999999994,-170.26559999999998,-64.56911,-144.02880000000002,-72.71757,-161.12139999999997,0.0,0.0,-81.10131000000001,-66.85708749999999,-85.48778333333333,0.0,0.0,-179.2887,-21.8599,0.0,0.0,0.0,-178.6591,0.0,-157.7301,0.0,-76.55149999999999,0.0,0.0,-49.853033333333336,-170.79449999999997,0.0,0.0,-72.77274,0.0,0.0,0.0,0.0,-56.05463000000001,-64.90262,-71.2415375,-72.26951,-68.32782999999999,0.0,0.0,-71.61843,0.0,-72.93285999999999,-69.28137,-151.56170000000003,0.0,0.0,0.0,-64.77795,-69.03596,-64.00416999999999,-62.55596999999999,-62.88198000000001,-58.922940000000004,0.0,0.0,-89.52324999999999,-59.067188888888886,-57.29233000000001,-76.45674,-55.81511666666666,-65.42121,-51.51834,-67.749525,-60.96897,-91.37408,-70.73464,-83.17347,-84.62042999999998,-69.03179000000002,-68.23432,-68.45132000000001,-82.33966000000001,-88.43045000000001,-68.9991,-63.46273,-66.43818,-79.7438,-88.17038,0.0
crocodylus_porosus,-34.32339,-48.73403,0.0,0.0,0.0,0.0,-59.585989999999995,-78.82507000000001,-79.71168,-94.03483,-77.03417,-83.50605,-95.72533999999999,-76.80960999999999,-90.04982000000001,-86.60371,-164.33759999999998,-75.83898000000002,-82.13785000000001,0.0,-108.45959999999998,-78.98074,0.0,-79.71279,0.0,0.0,-88.86054999999999,0.0,0.0,0.0,0.0,-97.29029999999999,0.0,-80.3247,-108.66747000000001,-93.6236,0.0,0.0,0.0,-58.058949999999996,-57.89909,-60.34216666666666,-81.64665,-67.66645,-66.48417500000001,-79.73945,0.0,-84.83615999999999,-75.59449,-72.97143,-76.70487,-158.4382,-73.52762,-161.0355,0.0,0.0,-76.64598,-71.38369,-75.10797,-131.0605,-74.7962,-201.07909999999998,-13.261166666666668,0.0,0.0,0.0,-183.2471,-70.1201,-152.15269999999998,-144.689125,-77.52752857142856,0.0,0.0,-43.0442,-117.33020000000002,0.0,0.0,-77.6232,0.0,0.0,0.0,-51.8876,-54.44433,-60.364920000000005,-62.086437499999995,0.0,-68.79187999999999,0.0,0.0,-72.96709000000001,0.0,-71.75632,-70.12589,0.0,0.0,0.0,0.0,-67.50555,-64.80111000000001,-61.88493000000001,-65.20294,-62.275866666666666,0.0,0.0,0.0,-83.78673,-67.51798,-59.08244,-94.58417,-60.954480000000004,-63.66443,-52.3331,-70.51653999999999,-60.11068888888888,-88.93526999999999,-58.607139999999994,-73.41505,-62.08386,-71.59718888888888,-50.961380000000005,-68.46277,-76.22319,-79.70513,-65.84514,-61.289129999999986,-63.65025000000001,-78.55799999999999,-90.2316,0.0
equus_asinus,-27.985219999999998,0.0,-112.60978000000003,-76.47957,-79.07246,-159.83239999999998,-81.01151,-80.35539,-90.11890000000001,-150.45779999999996,-179.6277,-85.19278,-111.61994999999999,-81.71598,-148.7403,-85.560175,-183.0895,-116.68596,-93.371,0.0,-152.80890000000002,-100.76162000000001,0.0,-79.27408,-84.21063749999999,0.0,0.0,0.0,-84.4417,-99.48455555555556,-169.52620000000002,-83.38103,-78.2626,-88.75934444444447,-83.41957,-63.963059999999984,-53.38493333333333,0.0,0.0,-72.735,-68.0208,-86.628675,-82.57983333333333,0.0,0.0,-84.55402,0.0,-92.84689999999999,-80.31011000000001,-127.22180999999998,-70.21396000000001,-162.34559999999996,-64.38537,-164.79770000000002,0.0,0.0,-76.91298,-74.12143,-82.8961857142857,0.0,0.0,-172.1801,-23.3033,0.0,0.0,0.0,-158.53879999999998,0.0,-140.69055555555553,0.0,-92.3497,0.0,0.0,-45.0986,-162.7316,0.0,0.0,-81.80716666666666,0.0,0.0,0.0,0.0,-62.65175000000001,-65.61612,-64.52282,-74.96996250000001,-74.98607999999999,-87.4332,-63.36175,-71.20336,0.0,-73.19324,-68.58161,-160.377,0.0,0.0,0.0,-68.95995,-66.77714999999999,-71.31381000000002,-61.12570000000001,-64.18396000000001,-57.84804285714286,0.0,0.0,-89.69688749999999,-59.272209999999994,-58.060410000000005,-87.77823,-61.14033333333334,-57.32343999999999,-61.20323,-70.46305,-63.350699999999996,-120.1001,-62.55986,-80.68485000000001,-76.30747000000001,-78.68277,-83.21774,-68.97253,-75.38157,-87.668,-68.06591999999999,-65.05266999999999,-72.56836000000001,-81.79081,-89.03547,0.0
equus_caballus,-31.831979999999998,0.0,-153.73149999999998,-82.47416000000001,-80.15984444444445,-180.24499999999998,-83.97551000000001,-75.52371000000001,-86.26887000000002,-156.7451,-161.9473,-86.20009999999999,-97.98617000000002,-80.21764,-137.45230000000004,-87.45490000000001,-178.42059999999998,-207.37639999999996,-88.57384,-84.7589,-165.2823,-98.50947999999998,-85.90015,-77.21813999999999,-84.29133333333333,0.0,0.0,0.0,-85.48011666666666,-98.70325555555557,-98.30869999999999,-83.14889,-76.66421111111111,-92.54057142857143,-78.42256,-63.27668,0.0,0.0,0.0,-70.983675,-74.14482000000001,-80.67193333333333,-81.06877,-69.64176666666667,-87.599,-81.13814444444445,0.0,-93.21279,-81.10708,-167.4554,-73.00608,-163.13370000000003,-61.41033,-150.78749999999997,-85.7457,-104.132,-74.92410999999998,-74.86429999999999,-84.36469999999998,0.0,0.0,-179.0097,0.0,0.0,-12.572546666666666,0.0,-158.1809,0.0,-137.90169999999998,0.0,-96.20265,0.0,-62.5826,-41.0249,-174.6625,0.0,-69.0611,-78.72373,0.0,0.0,0.0,-58.4518,-60.376490000000004,-61.23472999999999,-65.87858000000001,-76.95451999999999,-75.53639000000001,0.0,0.0,-76.41966,0.0,-74.89787,-68.63822,-170.4788,0.0,0.0,0.0,-75.46127,-67.01905555555555,-64.13352,-61.26901,-63.374975,-57.2199875,0.0,0.0,-84.42281111111112,-58.618669999999995,-62.40862,-82.69757,-60.57904,-59.66645,-58.99141000000001,-70.14538000000002,-63.95204,-124.7951,-57.119809999999994,-85.89207999999999,-76.72500000000001,-73.05942999999999,-75.15034,-66.19445,-76.56966,-87.43239,-68.48940999999999,-64.59078,-72.03190000000001,-77.64378,-91.96070999999999,0.0
erinaceus_europaeus,-38.444366666666674,0.0,-92.33469999999998,-95.10465,-80.20961,-104.23257999999998,-115.25505000000001,-78.79193,-90.45703999999999,-198.7623,-112.27045000000001,-87.11362,-106.85926666666666,-134.6693,-94.82984,-93.107125,-158.1755,-79.98693,-84.66896,0.0,-88.67970999999999,-94.8049,0.0,-86.25381,-76.19835,0.0,0.0,-82.2749,-67.87842500000001,-99.20502000000002,-148.22239,-80.2402,-74.24765,-117.84488888888887,-74.71133,-72.39770000000001,-51.75993333333333,0.0,0.0,-61.8723,-72.41341,-74.24525,-83.14160000000001,0.0,0.0,-77.52995999999999,0.0,-70.27731,-64.65949,-74.2546,-71.02808999999999,-151.2697,-61.85465999999999,-158.2798,-87.57715,0.0,-70.3091,-66.42438,-82.00874999999999,0.0,-64.2244,-196.17430000000002,0.0,1.01575,-14.25165,0.0,-181.73870000000002,0.0,-145.929125,-146.06025,-89.988225,-96.34446666666668,-59.11925,-42.40036666666666,-130.77029,-82.32391428571428,0.0,-84.18553333333334,0.0,0.0,0.0,0.0,-55.17441,-60.88611111111111,-66.37507777777778,-76.04285714285716,-86.17192,0.0,-66.20285,-71.81857,-130.235,-77.10074,-65.31178,-182.3796,-95.73216,0.0,0.0,-84.83668,-67.79192,-64.21305000000001,-61.63213,-66.64122,-57.3276625,0.0,0.0,-96.06578333333334,-56.61731000000001,-60.587749999999986,-96.04857000000001,-63.23392,-76.34502,-50.17769,-67.28878999999999,-60.03293,-92.40054,-57.44995,-73.86483000000001,-64.65346,-72.61058,-64.18668,-69.60787,-77.72936999999999,-88.46419999999999,-69.85461000000001,-63.43669,-66.7542,-78.61929999999998,-87.43186,0.0
felis_catus,-35.24570000000001,0.0,-106.66549,-80.68003,-81.80432222222223,-96.48762,-80.47893000000002,-76.00779,-89.41458,-181.1539,-192.52859999999998,-85.12040999999999,-90.7108111111111,-104.76591,-160.5231,-91.22763333333334,-174.9799,-182.63960000000003,-87.85853999999999,0.0,-95.21164999999999,-87.47760000000001,-91.7576,-76.22017,-84.64315,0.0,-86.657,0.0,-76.8811,0.0,-82.6498,-82.51651999999999,-82.80524,-89.60116666666666,-75.12984999999999,-64.75259,-52.1438,0.0,0.0,-65.82053333333333,-69.04051999999999,-73.86032499999999,-79.47493750000001,-73.0742,-98.31725,-78.61555000000001,0.0,-74.12631999999999,-58.566340000000004,-187.58550000000002,-70.31122000000002,-159.3992,-62.164919999999995,-159.5174,0.0,0.0,-76.78321000000001,-74.0758875,-83.94101428571427,0.0,0.0,-173.55450000000002,0.0,0.0,-7.3157475,0.0,-167.548,0.0,-145.327,-138.0779,-79.85182,0.0,0.0,-40.872699999999995,-182.38129999999998,0.0,0.0,-76.40573,0.0,0.0,0.0,-68.2141,-58.08050000000001,-63.12367142857143,-66.53727,-74.63837,-75.06455,0.0,0.0,-71.49292,-120.897,-73.25451000000001,-65.07929,-145.70414285714287,0.0,0.0,0.0,-69.94185,-69.75169,-62.547619999999995,-62.598049999999986,-64.60004285714287,-57.56835,0.0,0.0,-102.22792,-61.626310000000004,-58.24393000000001,-78.7468,-56.11235555555556,-64.50300999999999,-67.84126999999998,-65.37978888888888,-62.61715,-101.42875000000001,-56.68468,-80.92515999999999,-79.72247,-70.54954000000001,-62.53688000000001,-67.84192000000002,-83.47972999999999,-85.90292000000001,-64.1776,-65.41075000000001,-69.4198,-81.7104,-86.43852000000001,0.0
gallus_gallus,-32.47676,0.0,-72.62728999999999,-108.97364,-77.36627,-83.68827,-86.67182999999999,-74.77924,-87.23031,-79.59529,-158.38160000000002,-84.72842999999999,-101.17104444444446,-72.80613,-173.71300000000002,-93.45997499999999,-188.9593,-136.66639999999998,-84.53986999999998,0.0,-97.78766999999999,-77.77011,0.0,-78.79881000000002,0.0,0.0,0.0,0.0,-74.2402,-86.259,-83.8732,-78.19774000000001,-82.34745,-84.08361,-74.17199999999998,-70.46072999999998,0.0,0.0,0.0,-70.612425,-73.1006,-69.52557142857142,-84.29945000000001,-70.7432,-70.54523333333333,-76.74900000000001,0.0,-77.79715999999999,-73.03932999999999,-191.7749,-78.91470999999999,-148.36219999999997,-67.98055000000002,-153.5696,-96.4255,0.0,-83.60533000000001,-67.65979999999999,-79.65362222222224,-61.525,-66.037,-176.9866,0.0,0.0,0.0,0.0,-178.05259999999998,0.0,-141.20239999999998,0.0,-81.9388,0.0,0.0,0.0,-97.91914999999999,0.0,0.0,-74.40152857142857,-80.573,0.0,0.0,-63.8895,-56.31613,-59.71743333333333,-67.20660999999998,-75.83077,-75.46581,0.0,0.0,-71.97805,0.0,-79.95204,-69.03001,-164.79774999999998,-101.93029999999999,0.0,0.0,-79.67269000000002,-69.16871999999998,-71.00232000000001,-64.58475,-67.14576,-62.52701,0.0,0.0,-84.18306,-56.97913,-60.97619000000001,-95.3506,-64.2095,-67.58691,-51.38498,-69.9623857142857,-60.91164,-80.75385,-54.77548,-77.26836,-78.87172,-73.82702,-64.64262,-69.51779,-80.40714,-83.22498999999999,-72.11188,-65.48763,-69.58102000000001,-92.50452000000001,-91.30928000000002,0.0
homo_sapiens,-37.61189,0.0,-105.29223999999999,-84.94397000000001,-83.70015000000001,-146.15524,-84.10104000000001,-75.39858999999998,-86.16382000000002,-174.03040000000004,-173.7095,-84.19809000000001,-99.395,-109.24877999999998,-143.1044,-84.30395,-189.56519999999998,-172.2537,-80.80766,0.0,-105.731,-93.65741,0.0,-81.15972000000002,0.0,0.0,0.0,0.0,-79.92108,-97.68596666666667,-71.59258000000001,-73.05099,-80.6501,-97.0596,-77.05075000000001,-72.05738999999998,-50.1717,0.0,0.0,-71.5096,-75.75549000000001,-88.11347,-85.08175555555555,0.0,-93.654,-74.31098,0.0,-78.01713000000001,-68.20163,-172.4151,-75.15683999999999,-173.2391,-63.74977,-160.97600000000003,0.0,0.0,-74.06595999999999,-73.74509,-81.8665,0.0,0.0,-176.0389,-20.8713,0.0,-15.721999999999998,0.0,-169.5617,0.0,-148.25324999999998,-141.9966,-90.54683333333332,-93.5943,0.0,-43.618449999999996,-176.0866,-85.56784999999999,0.0,-79.9516888888889,0.0,0.0,0.0,-62.97035,-56.01113,-61.712390000000006,-67.4906,-70.57094000000001,-77.30608,0.0,0.0,-75.58906999999999,-127.126,-75.51932,-69.95148,-159.09816666666669,0.0,0.0,0.0,-71.62146,-68.10651,-65.25953999999999,-66.4829,-63.350399999999986,-56.568,0.0,0.0,-96.77385555555557,-60.52428000000001,-63.09003000000001,-80.20943,-62.3575625,-65.76080999999999,-69.17775,-68.88246000000001,-64.12331999999999,-111.92927,-58.34143,-80.19879,-81.21224,-71.86370000000001,-60.86098,-71.44999,-83.26764,-85.67258999999999,-67.45258000000001,-65.86542,-68.31515,-85.68168999999999,-91.64211000000002,0.0
macaca_mulatta,-38.466719999999995,-175.18849999999998,-88.74347999999999,-85.35817,-83.60684,-144.23286,-83.76603,-74.83065,-86.57964,-174.5392,-166.76909999999998,-84.21750999999999,-100.81714,-103.73702,-143.6114,-82.6184,-183.1938,-177.7373,-82.97988000000001,0.0,-105.6152,-102.48335999999999,0.0,-79.21165,0.0,0.0,0.0,-82.437,-78.76421666666667,-99.63258888888889,-70.97761,-74.23139,-80.21970999999999,-96.98511249999999,-79.21785,-73.8629,0.0,0.0,0.0,0.0,-71.87219999999999,-82.11097500000001,-80.10822999999999,-71.938175,-82.377375,-75.26812,0.0,-76.73240000000001,-68.3694,-176.82750000000001,-73.76496999999999,-170.7353,-63.60882,-161.14,0.0,0.0,-74.46952999999999,-73.23146666666668,-80.60952,0.0,0.0,-169.9373,0.0,0.0,-10.2213075,0.0,-162.69279999999998,0.0,-148.40016666666665,-142.900625,-91.5536,-95.8538,-67.8419,0.0,-172.17039999999997,-84.63596666666668,0.0,-77.71197,0.0,0.0,0.0,-67.0396,-57.594500000000004,-62.2829,-66.8183,-70.06481,-80.00749,0.0,0.0,-74.68256,-134.305,-77.83746999999998,-69.42094,-151.1996,-104.417,0.0,0.0,-73.7747,-69.69505000000001,-67.37057,-66.01407,-62.61447999999999,-56.31271,0.0,0.0,-108.48038,-60.00480000000001,-62.377959999999995,-81.94444999999999,-65.50070000000001,-58.66259,-64.80841999999998,-69.11071999999999,-64.68160999999999,-114.61975,-58.52283,-75.13292,-80.74593999999999,-72.32561999999999,-58.458360000000006,-70.16727,-82.46617,-85.76270000000001,-67.32867,-64.10799,-68.95705000000001,-85.60749999999999,-92.18675999999999,0.0
manis_javanica,-62.24621,-184.817,-104.63162,-113.00991000000002,-84.11962000000001,-137.9643,-82.85442,-79.18088,-90.32455999999999,-164.61549999999997,-176.53619999999998,-83.52582,-110.8662,-82.05134999999999,-150.21,-92.97902857142857,-168.09300000000002,-189.1124,-87.02217999999998,0.0,-95.96545,-104.15065000000001,0.0,-76.78275,-83.2841,0.0,0.0,0.0,-153.81,-93.12787142857144,-173.4654,-83.88037999999999,-80.24848999999998,-148.3141,-78.12920999999999,-76.53380000000001,-55.66345,0.0,-73.92727777777776,-76.6382,-83.54660000000001,-93.41653,-83.73879,0.0,-83.05605,-69.70954,0.0,-78.95597000000001,-67.07039,-171.6057,-86.0071,-166.8662,-62.008320000000005,-160.7288,0.0,0.0,-72.33274999999999,-73.40039999999999,-77.76939999999999,0.0,0.0,-180.0187,0.0,0.0,-15.556063333333334,0.0,-180.4345,0.0,-139.3945,0.0,-83.11476000000002,0.0,0.0,-40.3951,-188.87229999999997,0.0,0.0,-77.79727,0.0,0.0,0.0,-68.68735,-57.20971999999999,-62.63896,-67.99647999999999,-68.94014000000001,-77.74309,0.0,-66.5726,-70.53142,-140.748,-73.44206,-66.31136999999998,-147.93349999999998,0.0,0.0,0.0,-68.29577,-67.52459000000002,-62.397119999999994,-65.22801,-66.44861999999999,-63.5926375,0.0,0.0,-94.17903333333334,-57.49006999999999,-61.34880999999999,-100.74692,-59.976440000000004,-62.52243,-68.28822,-69.27943,-66.85339,-115.37259999999999,-54.815599999999996,-79.33191,-80.43726000000001,-70.93700000000001,-61.91555000000001,-69.80435,-83.11135999999999,-88.76376000000002,-64.52327,-62.41768,-63.79617999999999,-80.80372,-91.23353,0.0
mesocricetus_auratus,-38.27469000000001,-172.157,-96.8529,-81.38714999999999,-83.31555,-133.4734,-83.34139,-75.74928999999999,-84.268,-159.15170000000003,-169.869,-84.48295999999999,-100.90997999999999,-95.13005000000001,-130.60420000000002,-89.60011111111112,-174.2421,-183.0008,-86.44899,0.0,-100.62931999999998,-107.0886,0.0,-86.09986,0.0,-85.2162,0.0,0.0,-86.5335,-91.54761428571429,-128.16169,-80.88747,-77.95347,-97.81746666666668,-73.12348999999999,-79.542,0.0,0.0,0.0,-70.1014,-70.78318999999999,-78.85928333333332,-77.76217777777778,-76.1904,-83.26892500000001,-75.82843,0.0,-73.94161,-67.34790000000001,-173.861,-72.58313000000001,-174.27919999999997,-60.65876000000001,-157.2735,-85.3812,0.0,-78.29569000000001,-72.8871,-80.63969999999999,0.0,0.0,-177.7991,0.0,0.0,-16.882550000000002,0.0,-191.6811,0.0,-143.81366666666665,-141.09510000000003,-92.36895,0.0,-68.1797,0.0,-181.7487,0.0,0.0,-80.99647,0.0,0.0,0.0,-59.88791666666666,-57.80372,-61.975120000000004,-67.45683,-72.79746,-77.87668,0.0,0.0,-69.61188999999999,0.0,-74.62464,-69.04754999999999,-157.23683333333335,0.0,0.0,0.0,-73.29954000000001,-67.71619000000001,-63.214020000000005,-65.62307999999999,-61.587419999999995,-54.849149999999995,0.0,0.0,-102.26657777777777,-60.130669999999995,-61.189229999999995,-79.70094999999999,-59.48184444444444,-64.68486,-74.28311999999998,-69.24521999999999,-65.76737,-119.2511,-57.41124,-83.52511999999999,-79.26541,-75.36724000000001,-60.76414000000001,-70.64378,-83.92362,-84.67505000000001,-67.51945,-63.90059,-68.46197,-87.36731999999999,-91.58229000000001,0.0
mus_musculus,-39.86057,0.0,-86.30877,-85.85894999999998,-84.10655,-172.171,-85.67728,-75.19176999999999,-84.7997,-82.72565,-86.51042,-85.95104,-103.80044000000001,-85.11679,-98.91678,-91.2226625,-204.8605,-136.54898999999997,-88.18744000000001,0.0,-96.34599,-101.24262999999999,0.0,-78.24209999999998,0.0,0.0,0.0,0.0,-67.7149,-99.58225714285716,-88.1663,-80.64703,-70.86247777777777,-87.37503333333335,-75.58921000000001,-66.23402999999999,0.0,0.0,0.0,-77.01039999999999,-73.10407000000001,-70.951175,-87.85274999999999,-69.3774,0.0,-79.81613000000002,0.0,-78.59628999999998,-67.91909999999999,-125.43517999999999,-75.66857999999999,-163.3844,-61.23268,-160.8691,0.0,0.0,-73.6742,-75.88977,-82.03013333333334,0.0,-63.6738,-173.38310000000004,0.0,0.0,0.0,0.0,-167.54039999999998,0.0,-139.38916666666665,-135.55,-78.0985,0.0,0.0,0.0,-106.54448,0.0,0.0,-84.78951250000001,0.0,0.0,0.0,0.0,-55.99002,-62.101369999999996,-69.20331999999999,-71.53256666666667,-79.06109,0.0,0.0,-73.55854,-132.498,-79.22835,-69.46936000000001,-184.42966666666666,0.0,0.0,0.0,-74.156,-65.64339000000001,-66.22722999999999,-65.93924000000001,-65.62434,-57.96521999999999,0.0,0.0,0.0,-59.418420000000005,-60.22248999999999,-80.50148,-61.28959999999999,-70.45165,-56.51463,-69.7401875,-59.54992000000001,-100.55298,-59.81073,-79.94912,-70.47994,-72.01919,-62.98780000000001,-70.02721,-80.13178,-86.25614999999999,-67.62239,-63.613749999999996,-70.75235,-78.36497000000001,-91.01222,0.0
mustela_putorius,-33.45266,0.0,-90.64110000000001,-81.94676000000001,-79.72209000000001,-199.12680000000003,-84.03533999999999,-77.53774,-87.35052999999999,-154.28399999999996,-179.4097,-86.45358999999999,-104.31733,-98.65521,-165.35459999999998,-91.9642,-204.5546,-201.727,-87.93244000000001,0.0,-98.5561,-88.34621999999999,-84.2316,-75.91966,0.0,0.0,-86.4455,0.0,-85.79945000000001,-143.8384,-83.74007142857144,-192.9401,-76.96297142857142,-103.77476666666666,-75.41740999999999,-62.75502,-56.513149999999996,0.0,0.0,-69.61494,-69.39475,-69.25695555555555,-83.30786000000002,-71.36619999999999,-75.1725,-74.03126,0.0,-75.07131,-69.18346,-176.6605,-152.28860000000003,-162.969,-62.04567999999999,-158.1852,-88.3946,0.0,-77.41596999999999,-141.81109999999998,-81.4807125,0.0,-69.20855,-171.5212,-14.96385,0.0,0.0,0.0,-176.8725,0.0,-135.905,0.0,-82.39994999999999,0.0,0.0,-52.0197625,-192.2789,0.0,0.0,-81.42475999999999,0.0,0.0,0.0,-69.96915,-59.1188,-63.650749999999995,-69.39527,-69.01138999999999,-67.27174000000001,-84.21157,-69.8749375,-72.96588,0.0,-75.95163,-68.40434,-160.37883333333332,0.0,0.0,0.0,-72.08525999999999,-66.27631999999998,-62.53558999999999,-58.93661000000001,-65.51711999999999,-57.75707142857143,0.0,-61.8142,-83.64906666666667,-66.20246999999999,-60.87111,-76.62476999999998,-56.98223,-58.858270000000005,-55.12769000000001,-71.40953333333331,-62.681549999999994,-109.82155,-64.28638000000001,-79.94479,-80.87986000000001,-70.03029,-63.99285,-71.10648,-82.78075999999999,-84.63426,-65.71115,-63.42247999999999,-66.68087,-93.78572,-88.52928999999999,0.0
oryctolagus_cuniculus,-40.372609999999995,-156.191,-100.56003000000001,-78.25562000000001,-81.75990999999999,-151.32331,-82.78331999999999,-76.77579999999999,-88.22044,-149.6735,-177.6945,-84.56053,-107.81850000000001,-83.68886,-158.10549999999998,-88.24777142857144,-161.50860000000003,-182.65079999999998,-90.42378,0.0,-101.26046,-102.92249,0.0,-79.82558999999999,0.0,0.0,0.0,0.0,-89.17614285714286,-87.88667142857142,-127.04740000000001,-80.83025,-82.75824,-92.31126,-73.78842,-67.79212000000001,-54.800875000000005,0.0,0.0,-45.7106,-70.19861999999999,-77.52058333333332,-79.88971111111113,-71.51093333333333,-91.35075,-79.83149,0.0,-76.79063,-71.94949,-173.15529999999998,-72.16392,-172.51239999999999,-61.022529999999996,-158.5005,0.0,-83.9852,-80.03255999999999,-72.10115,-75.5191111111111,-65.8872,-65.5322,-184.44140000000002,0.0,-7.29928,-10.7429,0.0,-182.52550000000002,0.0,-146.63122222222222,-140.52414285714286,-85.033975,0.0,0.0,-42.44,-166.7913,0.0,0.0,-78.22389,0.0,0.0,0.0,-57.21352499999999,-57.65830999999999,-61.199160000000006,-66.24403000000001,-75.13750999999999,-79.08154,-89.67435,0.0,-71.23778000000001,0.0,-71.60816,-67.67147,-146.643,0.0,0.0,0.0,-72.24010000000001,-63.86256000000001,-63.820620000000005,-62.66082,-65.19028999999999,-57.95407777777778,0.0,0.0,-99.9729,-60.54986000000001,-61.23700000000001,-85.38287000000001,-63.15874444444445,-63.61842,-64.62464000000001,-67.41278000000001,-63.97234999999999,-112.18390000000002,-63.45111000000001,-81.34924,-80.32737,-77.11807,-59.82059,-72.43554,-82.44466000000001,-87.03855999999999,-68.85871,-64.76334,-69.3112,-82.72551000000001,-93.44106,0.0
ovis_aries,-35.166869999999996,-165.899,-72.53573,-82.83793,-80.96243999999999,-115.87296999999998,-80.22439,-76.76465,-87.96473999999999,-199.947,-174.2949,-86.45657000000001,-93.40373,-111.81797999999999,-130.5665,-85.23334,-183.169,-176.39210000000003,-89.31593000000001,0.0,-98.00691,-92.3818,0.0,-77.73369,-79.9692,0.0,0.0,0.0,-86.58615000000002,-100.91964,-137.7875857142857,-89.20535000000001,-80.18294,-93.47013,-80.16040000000001,-72.70911,-66.75105,0.0,0.0,-65.65285,-69.18061999999999,-72.39462,-79.90655,0.0,-51.0937,-72.1221,0.0,-82.24010999999999,-73.33096,-183.15310000000002,-73.12776999999998,-154.0346,-59.58501,-148.6088,-81.430475,0.0,-82.21674999999999,-72.67511428571429,-76.72193999999999,0.0,0.0,-168.47380000000004,0.0,-10.5365,0.0,0.0,-168.5368,0.0,-145.891,-153.1415,0.0,0.0,0.0,-41.255225,-182.32520000000002,-82.5393,0.0,-82.99186999999999,0.0,0.0,0.0,-84.4392,-56.32302000000001,-63.179125,-66.9149,-79.13732999999999,-81.10079999999999,0.0,0.0,-81.93111,-127.327,-74.89126999999999,-68.03276000000001,-160.3832857142857,0.0,0.0,0.0,-72.22383,-70.4106,-69.01351,-69.13947,-62.38044444444444,-52.46053333333334,0.0,-60.676050000000004,-95.40520000000001,-61.768010000000004,-62.35996,-83.59577,-64.71607,-64.41477,-73.11531,-70.57669000000001,-65.61836,-112.62369999999999,-63.30856999999999,-84.09492000000002,-77.88531999999998,-73.6331,-61.172270000000005,-67.58781,-82.93419000000002,-84.78855,-66.16183000000001,-64.16724,-68.03548,-88.80014,-87.89425,0.0
paguma_larvata,-33.33955,0.0,-80.19433,-80.09024000000001,-79.82078,-178.6385,-78.38694999999998,-74.62935000000002,-89.92394,-168.6791,-78.11317000000001,-74.76237,-104.80512000000002,-92.96844999999999,-92.06887,-82.4343,-92.99909,-174.9939,-88.14734000000001,0.0,-90.72363000000001,-103.23269999999998,0.0,-77.59382000000001,0.0,0.0,0.0,-79.70445000000001,-80.56648,-100.74983333333334,-159.9001,-84.51867,-80.75111,-88.09164285714287,-80.05838,-63.00189,-54.0074,0.0,0.0,0.0,-67.74034,-78.35943333333336,-84.61406666666666,0.0,0.0,-78.76824000000002,0.0,-76.58265,-61.60838,-152.8098,-69.2638,-153.1148,-61.33921999999999,-156.85999999999999,-85.4085,0.0,-76.08856666666667,-72.15151666666667,-81.4307,0.0,0.0,-125.3472,0.0,0.0,0.0,0.0,-185.974,0.0,-154.301625,-143.04410000000001,0.0,-92.3145,0.0,-43.93066666666667,-181.45019999999997,-84.90174999999999,-60.1156,-74.80541,0.0,0.0,0.0,-56.57912,-58.61094999999999,-61.9319,-66.00216999999999,-75.08804,-79.02851,0.0,0.0,-67.85963999999998,-114.597,-71.30954999999999,-67.99363,-162.867375,0.0,0.0,0.0,-67.59231,-71.31797999999999,-66.77212,-69.18531,-64.60074,-66.69616666666667,0.0,0.0,-96.9206,-57.92027999999999,-57.22170000000001,-81.41796,-65.06599999999999,-58.24672999999999,-53.687310000000004,-68.9815,-60.102875000000004,-95.87960000000001,-58.13494000000001,-83.75389000000001,-79.25469,-72.77964999999999,-61.199200000000005,-69.96781000000001,-79.99317999999998,-85.88899,-68.48632,-64.24301,-67.9486,-83.33039,-87.11218,0.0
pan_troglodytes,-39.693709999999996,-174.15,-91.75067,-84.1583,-83.20688,-138.73063,-84.2157,-77.19857999999999,-86.58801999999999,-179.85430000000002,-169.30519999999999,-84.57212,-102.9441875,-124.55080000000001,-146.8998,-85.16655,-196.53680000000003,-180.3465,-83.54471000000001,0.0,-105.50089,-97.91907999999998,0.0,-78.75719999999998,0.0,0.0,0.0,0.0,-77.69686666666666,-98.08093749999999,-67.52387777777777,-73.44134,-78.17727999999998,-98.01675555555555,-77.29283000000001,-73.19207,-56.776,0.0,0.0,-70.77144999999999,-75.18839,-85.00628888888889,-85.55924,-69.20515,-86.685,-77.6584,0.0,-77.91150999999999,-66.18643999999999,-169.4684,-74.87283,-169.69070000000002,-63.87771,-162.862,0.0,0.0,-74.07542,-72.93642,-81.6085777777778,0.0,0.0,-165.01770000000002,-10.499,0.0,-15.47115,0.0,-162.791,0.0,-145.56755555555554,-142.15537500000002,-99.0334,-95.8147,0.0,0.0,-172.96030000000002,-84.0014,0.0,-82.19502,0.0,0.0,0.0,0.0,-56.22936,-60.97515555555555,-65.16438888888888,-70.65754,-77.73706000000001,0.0,0.0,-71.69754999999999,0.0,-74.14441,-67.95132,-153.077,-93.4587,0.0,0.0,-72.78809,-68.62863,-64.40455,-65.62674,-63.76210999999999,-57.981269999999995,-63.0948,0.0,-93.83832857142856,-60.33752,-63.113060000000004,-82.7788,-57.96817,-62.64335999999999,-65.6371,-69.86265,-63.99679,-112.5712,-55.92832000000001,-77.16069,-80.58751000000001,-71.79161000000002,-58.58942999999999,-72.11004,-81.80386,-84.82189000000001,-67.31818,-64.83917,-68.60557,-85.44566,-93.24301,0.0
panthera_tigris,-39.591330000000006,0.0,-99.51782,-78.64343999999998,-81.22108,-109.30183,-83.14916000000001,-77.96033,-88.66201,-205.1353,-163.28609999999998,-86.05695999999999,-95.70136999999998,-133.04990000000004,-134.1157,-92.73949999999999,-175.63119999999998,-167.30560000000003,-86.66116,0.0,-91.03661,-86.62084,0.0,-77.93084999999999,0.0,0.0,0.0,0.0,-163.316,-89.6894875,-162.56659999999997,-78.75209,-77.25813000000001,-94.56602222222222,-75.17884,-61.99883,-52.5996,0.0,0.0,-71.29455,-74.05595000000001,-73.349625,-79.70969999999998,0.0,0.0,-81.89117,0.0,-75.40403999999998,-62.45597,-202.2497,-70.57266,-151.8602,-61.98499999999999,-161.72070000000002,-81.763,0.0,-72.61136,-71.09743,-82.10144285714286,0.0,0.0,-176.9451,0.0,0.0,-8.556,0.0,-170.56660000000002,0.0,-150.7085,-137.80599999999998,-96.5619,0.0,-79.6789,-48.4567,-153.96460000000005,-76.9118,0.0,-71.83498,0.0,0.0,0.0,-63.9378,-56.53708,-64.08014,-68.419025,-77.47816000000002,-66.13246000000001,0.0,0.0,-87.65205,-122.886,-73.50668,-67.39552,-161.83125,0.0,0.0,0.0,-71.12899,-69.23194,-58.783190000000005,-64.79838,-64.12837999999999,-60.41275000000001,0.0,0.0,-95.61853333333335,-62.368970000000004,-61.71512,-76.87810000000002,-62.78809,-58.66459999999999,-65.93950000000001,-70.9361,-65.25743000000001,-120.90949999999998,-60.51029000000001,-84.90316,-79.93485,-75.42031,-63.16637999999999,-68.82129,-81.98400000000001,-88.09828000000002,-69.09654000000002,-65.36211,-69.37312999999999,-78.93513999999999,-89.06568999999999,0.0
pongo_abelii,-36.35347,-196.484,-86.00447,-86.1254,-80.62521000000001,-119.47673,-82.71298999999999,-75.82921000000002,-85.5917,-170.30929999999998,-177.62650000000002,-86.46308000000002,-96.72686999999999,-109.99879000000001,-164.4213,0.0,-172.0132,-165.77209999999997,-86.58101,-85.9385,-104.571,-83.80661,0.0,-78.51485999999998,0.0,0.0,0.0,0.0,-79.10976000000001,-99.99288888888888,-70.57977,-73.52763999999999,-79.65690000000001,-91.28041111111114,-78.47626,-74.36573000000001,-56.0366,0.0,0.0,-64.04942,-74.21592,-82.11642500000002,-169.1886,-70.2609,-146.2096,-88.73977,0.0,-75.28518,-64.40036,-177.49079999999998,-74.83138,-173.1681,-62.474059999999994,-156.64119999999997,-84.4097,0.0,-72.87014,-72.88645000000001,-83.37515,0.0,-64.6567,-172.9538,0.0,0.0,-21.4224,0.0,-177.14139999999998,0.0,-142.904,-141.973,0.0,0.0,-64.6697,0.0,-154.6085,0.0,0.0,-80.68655555555554,0.0,-77.4153,0.0,0.0,-57.11018,-63.144222222222226,-68.75315555555557,-79.38445999999999,-81.89651,0.0,0.0,-75.11950999999999,-149.365,-74.08719,-68.29263,-186.93559999999997,-104.63149999999999,0.0,0.0,-72.77838999999999,-72.2311,-69.03277,-66.04463999999999,-64.21518999999999,-62.17291,0.0,0.0,-86.70407142857142,-60.97686000000001,-62.43686,-81.60554,-63.53261666666666,-62.71186,-56.961829999999985,-70.36420000000001,-62.69991,-111.47550000000001,-58.287549999999996,-75.55350999999999,-79.90033,-72.06011000000001,-59.47095999999999,-72.67535000000001,-85.15329,-89.63133000000002,-65.47619,-62.96625,-66.96991,-86.98432,-87.42704,0.0
rattus_norvegicus,-43.68981,0.0,-67.72646,-84.52669999999998,-89.81262999999998,-96.2828,-82.96472,-76.80124,-84.86688,-105.76635999999999,-158.1162,-86.92625999999998,-89.84275,-80.01462,-132.70680000000002,-91.47025,-196.70520000000002,-130.88029,-87.54749999999999,-90.5334,-93.52539,-105.21927000000001,-87.73906666666666,-79.48324,0.0,0.0,0.0,0.0,0.0,-100.69534999999999,-103.9445,-80.15189000000001,-81.95349999999999,-98.43446666666667,-78.08787,-70.71705,-74.4895,0.0,0.0,-62.91332,-58.380280000000006,-62.820225,-83.73245555555556,-76.4944,-68.512,-73.39772,0.0,-77.93112,-67.21317,-125.38810000000001,-71.08409,-130.9819,-58.271550000000005,-150.0785,-82.47803333333333,0.0,-74.28976,-107.14051000000002,-80.90178571428571,0.0,0.0,-175.2823,-18.2854,0.0,0.0,0.0,-172.62509999999997,-66.254,-183.62790000000004,-145.7831111111111,-82.7184,-90.7212,0.0,0.0,-113.50872,-86.4262,0.0,-89.14692,0.0,0.0,0.0,0.0,-54.47682,-61.84926,-65.8801111111111,-78.08158333333333,-80.67107,0.0,0.0,-69.47576000000001,-145.213,-71.30972,-66.36599000000001,0.0,0.0,0.0,0.0,-69.73058,-62.18288750000001,-63.922990000000006,-62.12201,-62.50462,-56.97552999999999,0.0,0.0,-88.79006249999999,-60.88870000000001,-59.89899999999999,-76.16511,-59.640437500000004,-62.19539999999999,-62.34511,-69.38479,-64.35998000000001,-117.83490000000002,-56.137029999999996,-79.18172,-68.72101,-72.31629,-57.884640000000005,-68.65651,-77.16989,-86.58136999999999,-64.15111,-62.89605,-70.44253,-80.60722000000001,-85.90033000000001,0.0
rhinolophus_sinicus,-61.4134,0.0,-92.21207,-126.36284,-81.70063,-111.22421999999999,-83.32644,-82.54639,-86.60362,-172.3567,-129.06210000000004,-89.2397,-102.15338,-80.08353,-64.61105,-95.92166,-190.2321,-168.84820000000002,-90.71991,-85.1902,-159.8808,-87.58919999999999,-86.90694,-70.51684999999999,-82.39326,0.0,0.0,0.0,-77.29318333333333,-98.62301428571428,-82.95969,-81.99282999999998,-81.13333999999999,-92.88228000000001,-75.66985,-78.18693999999999,-63.9925,0.0,0.0,-58.2715,-71.92373,-67.26338888888887,-83.09448888888889,-75.85555,-65.81388333333334,-79.44677,0.0,-89.61731999999999,-87.28775,-168.99880000000002,-69.26313999999999,-170.37420000000003,-63.91101,-163.8829,0.0,0.0,-82.26455999999999,-73.02064999999999,-74.80228888888888,0.0,0.0,-193.92839999999998,-21.5859,-1.59087,0.0,0.0,-174.147,0.0,-126.0,-142.843,0.0,0.0,0.0,0.0,-171.8354,0.0,-60.3323,-83.14160000000001,0.0,0.0,0.0,-53.4408,-59.69579,-60.704600000000006,-62.15999999999999,-75.9483,-77.62654,0.0,0.0,-71.03888,0.0,-66.62720999999999,-68.78031000000001,-146.0532,-121.416,-53.5429,0.0,-67.31884,-67.16860000000001,-67.33182,-63.741579999999985,-69.19777000000002,-58.06479,0.0,0.0,-84.47055,-60.13361999999999,-65.16396,-102.94946999999999,-61.40570000000001,-66.64338999999998,-73.24252,-71.95819,-67.24139,-100.23209999999999,-53.89114000000001,-80.19794,-76.47312,-74.10794,-70.54327,-64.93502,-75.57557999999999,-82.85806,-66.11236,-65.85095,-71.0624,-80.42944,-89.20411,0.0
serinus_canaria,-35.27464,0.0,-75.96934000000002,-78.62122000000001,-82.142975,-79.82595,-110.25200000000002,-79.86238,-89.61912000000001,-117.01989999999998,-106.40003999999999,-83.56171,-112.45840000000001,-141.47910000000002,-141.30110000000002,-93.7561,-200.1834,-184.8114,-82.26882,0.0,-102.86874,-90.30546999999999,-88.6257,-76.59065000000001,-78.2382,-81.9575,0.0,0.0,-91.88680000000001,-84.8909,-77.69585000000001,-91.7855,-88.0697,-71.34198888888889,-77.15179,-67.54478999999999,-55.83192857142858,0.0,0.0,-63.5147,-73.28453,-70.85569999999998,-86.37722,0.0,0.0,-82.06445,0.0,-75.85231999999999,-62.953269999999996,-167.2098,-76.24707,-164.8545,-73.73784,-167.31179999999998,-95.1536,0.0,-75.43059000000001,-72.1788125,-85.2721857142857,0.0,0.0,-169.10420000000005,-21.5671,0.0,0.0,0.0,-173.92649999999998,0.0,-148.92414285714287,-146.21175,0.0,0.0,0.0,0.0,-137.6226,0.0,0.0,-69.03565,0.0,0.0,0.0,0.0,-56.05118,-64.21959,-70.99286666666666,-71.74085555555554,-82.27158999999999,0.0,0.0,-75.76936,-129.953,-80.15829999999998,-65.43596000000001,-158.19088888888888,-106.15697142857142,-70.85125,0.0,-79.99469,-69.19611,-61.5356,-60.66464999999998,-62.14313,-59.53058,0.0,0.0,-86.20995714285714,-59.22383000000001,-56.167060000000006,-77.34098,-55.887477777777775,-67.25566,-49.97179,-65.57448571428571,-60.5152,-82.80658000000001,-60.07574999999999,-79.42445,-84.36748,-71.02837,-63.368799999999986,-69.52265,-79.60581,-89.43145999999999,-68.57923,-63.88797000000001,-70.29841000000002,-85.56682,-88.13886,0.0
sus_scrofa,-44.25773,0.0,-101.2656,-79.64466,-82.90037000000001,-149.7394,-81.60328000000001,-76.83382,-90.75713999999999,-155.9118,-174.666,-84.33683,-107.8362222222222,-78.43731000000001,-157.0949,-85.8585,-176.93919999999997,-172.24370000000002,-87.33649,0.0,-107.08471999999999,-87.67466999999999,-89.1545,-80.45711,-78.1746,0.0,0.0,0.0,-94.99964,-102.1162625,-89.522875,-83.70729,-76.27744,-147.46733333333336,-77.51366999999999,-69.60821000000001,-64.19206666666666,0.0,0.0,-68.38326666666667,-72.4888,-67.89742,-85.82521111111112,0.0,-71.68795,-81.42716999999999,0.0,-74.93996,-66.8915,-172.42270000000002,-73.80213,-167.13569999999999,-61.37102,-152.2344,0.0,0.0,-75.77779,-74.31143999999999,-83.487425,0.0,0.0,-202.10650000000004,0.0,0.0,0.0,0.0,-177.8506,0.0,-131.67733333333334,-135.316,0.0,0.0,0.0,-49.6766,-182.94299999999998,-82.4413,0.0,-76.01596,0.0,0.0,0.0,-71.5201,-56.41819,-63.046130000000005,-69.82373333333334,-76.29247,-77.61385,0.0,0.0,-72.2795,-134.10649999999998,-74.229,-67.00296,-172.01640000000003,0.0,0.0,0.0,-76.74114999999999,-68.62777000000001,-64.56,-65.07554999999999,-63.67088,-59.26158888888889,0.0,0.0,-87.58701111111111,-60.74405999999999,-62.80992,-85.08540000000002,-64.21894,-67.52126999999999,-63.22608,-69.12523999999999,-65.11368999999999,-112.50739999999999,-56.38421999999999,-83.42184,-81.27000000000001,-76.11204000000001,-61.36473000000001,-70.9748,-82.20496,-86.37127,-69.46093,-64.61874,-68.45036999999999,-79.29659000000001,-89.56886999999999,0.0
